REF,Title,Tags,Contents,RelatedPostsREF,MetaDescription
1,Les bienfaits de l'aromathérapie pour un meilleur sommeil,"sommeil, relaxation, huiles essentielles, bien-être, aromathérapie","<h1 class=""blog-title"">Les Bienfaits de l'Aromathérapie pour un Meilleur Sommeil</h1>

<p class=""blog-intro"">
Le sommeil est l'un des piliers fondamentaux de notre bien-être, tant physique que mental. Pourtant, de nombreuses personnes souffrent de troubles du sommeil, qu'il s'agisse d'insomnie, de réveils nocturnes ou encore de difficultés à s'endormir. L'aromathérapie, une méthode naturelle utilisant les propriétés des huiles essentielles, offre une alternative douce et efficace pour améliorer la qualité du sommeil.
</p>

<div class=""blog-section"">
<h2 class=""section-title"">1. L'Importance du Sommeil pour la Santé</h2>
<p>
Le sommeil permet à notre corps de se régénérer, de réparer les tissus, de consolider la mémoire et de réguler de nombreuses fonctions biologiques. Une mauvaise qualité de sommeil peut entraîner une fatigue chronique, un affaiblissement du système immunitaire, des troubles de l'humeur et même des maladies plus graves à long terme.
</p>
</div>

<div class=""blog-section"">
<h2 class=""section-title"">2. Les Huiles Essentielles qui Favorisent le Sommeil</h2>

<h3 class=""highlight-title"">Mandarine rouge (<em>Citrus reticulata</em>)</h3>
<p>
La Mandarine rouge est une huile essentielle reconnue pour ses propriétés relaxante, sédative, voire même légèrement hypnotique. Elle aide à calmer l'anxiété, l’agitation et favorise un état de relaxation profond.
</p>
<ul class=""highlight-list"">
<li><strong>Propriétés :</strong> Calmante du système nerveux, relaxante, sédative, tonique digestive </li>
<li><strong>Indications :</strong> Nervosité, anxiété, insomnie, angoisses, stress, agitation, palpitations, dyspepsie, aérophagie</li>
</ul>

<h3 class=""highlight-title"">Lavande Vraie (<em>Lavandula angustifolia</em>)</h3>
<p>
La Lavande vraie est réputée pour ses propriétés apaisantes et sédatives. Elle favorise l'endormissement et calme les tensions nerveuses.
</p>
<ul class=""highlight-list"">
<li><strong>Propriétés :</strong> Calmante, Apaisante, Antispasmodique, Cicatrisante</li>
<li><strong>Indications :</strong> Insomnie, Anxiété, Maux de tête, Prurit</li>
</ul>
</div>

<div class=""blog-section"">
<h2 class=""section-title"">3. Méthodes d'Utilisation de l'Aromathérapie pour le Sommeil</h2>
<h3 class=""method-title"">Diffusion Atmosphérique</h3>
<p>La diffusion atmosphérique est l'une des méthodes les plus simples pour profiter des huiles essentielles. Utilisez un diffuseur pour disperser les huiles dans l'air et créer une ambiance relaxante.</p>
<div class=""recipe-box"">
<p class=""recipe""><strong>Recette :</strong> 5 gouttes de Lavande vraie, 5 gouttes de Mandarine rouge</p>
</div>

<h3 class=""method-title"">Massage Relaxant</h3>
<p>Mélangez les huiles essentielles avec une huile végétale et massez les zones tendues avant de vous coucher.</p>
<div class=""recipe-box"">
<p class=""recipe""><strong>Recette :</strong> 2 gouttes de Lavande vraie, 2 gouttes de Mandarine rouge, 1 cuillère à soupe d'huile végétale (amande douce par exemple)</p>
</div>
</div>

<div class=""blog-section"">
<h2 class=""section-title"">4. Précautions à Prendre</h2>
<div class=""warning-box"">
<p class=""warning-text"">
<strong>Contre-indications de la Mandarine rouge :</strong>Les huiles essentielles issues d’agrumes peuvent être photosensibilisantes, ne pas s’exposer au soleil durant les 8 heures suivant l’application.
</p>
<p class=""warning-text"">
<strong>Contre-indications de la Lavande Vraie :</strong> Généralement bien tolérée, mais faire un test cutané avant usage.
</p>
</div>
</div>

<div class=""blog-section"">
<h2 class=""section-title"">5. Conclusion</h2>
<p>L'aromathérapie est une solution naturelle et efficace pour améliorer la qualité du sommeil, tout en apaisant les tensions nerveuses. Intégrer les huiles essentielles dans votre routine peut aider à mieux gérer le stress et les troubles du sommeil.</p>
</div>

<p><strong>Meta Description :</strong> Découvrez comment améliorer votre sommeil avec l'aromathérapie et des huiles essentielles comme la Mandarine rouge et la Lavande vraie.</p>
<style>
.blog-title {
font-size: 2.5rem;
font-weight: bold;
color: #647a0b;
margin-bottom: 20px;
text-align: center;
}

.blog-intro {
font-size: 1.2rem;
margin-bottom: 20px;
color: #333;
line-height: 1.7;
}

.section-title {
font-size: 1.8rem;
color: #647a0b;
font-weight: bold;
margin-top: 30px;
margin-bottom: 10px;
}

.highlight-title {
font-size: 1.6rem;
color: #854f38;
margin-bottom: 10px;
font-weight: bold;
}

.highlight-list {
list-style-type: disc;
margin-left: 20px;
color: #333;
}

.highlight-list li {
margin-bottom: 5px;
}

.method-title {
font-size: 1.4rem;
color: #647a0b;
font-weight: bold;
margin-top: 20px;
margin-bottom: 10px;
}

.recipe-box {
background-color: #f9f9f9;
border-left: 5px solid #647a0b;
padding: 10px 20px;
margin-top: 10px;
margin-bottom: 20px;
}

.recipe {
font-size: 1rem;
color: #333;
font-style: italic;
}

.warning-box {
background-color: #fff3cd;
padding: 20px;
border-radius: 10px;
margin-top: 20px;
border-left: 5px solid #856404;
}

.warning-text {
color: #856404;
font-size: 1rem;
font-weight: 500;
margin-bottom: 10px;
}
</style>

",,Découvrez comment les huiles essentielles peuvent améliorer votre sommeil naturellement.
2,Les huiles essentielles pour booster votre système immunitaire,"immunité, santé, huiles essentielles, bien-être, aromathérapie","<h1 class=""blog-title"">Les Huiles Essentielles pour Booster votre Système Immunitaire : Conseils Pratiques et Solutions Naturelles</h1>

<p class=""blog-intro"">
    Renforcer son système immunitaire est essentiel pour se protéger contre les infections, surtout durant les périodes à risque comme l’hiver ou lors d’épidémies. Une approche naturelle et efficace pour soutenir cette barrière de défense est l’utilisation d’huiles essentielles, reconnues pour leurs propriétés antivirales, antibactériennes, et stimulantes.
</p>

<div class=""blog-section"">
    <h2 class=""section-title"">Pourquoi Utiliser les Huiles Essentielles pour Renforcer l’Immunité ?</h2>
    <p>
        Les huiles essentielles offrent une solution douce qui soutient le système immunitaire tout en respectant l’équilibre naturel du corps. Leurs bienfaits incluent la stimulation des défenses naturelles, l’action antivirale et antibactérienne, ainsi que leur capacité à apaiser et revitaliser le système nerveux.
    </p>
</div>

<div class=""blog-section"">
    <h2 class=""section-title"">Les Meilleures Huiles Essentielles pour Stimuler l’Immunité</h2>

    <h3 class=""highlight-title"">1. Ravintsara (<em>Cinnamomum camphora</em>)</h3>
    <p>
        Originaire de Madagascar, cette huile est un puissant immunostimulant et antiviral, particulièrement efficace pour les infections respiratoires.
    </p>
    <ul class=""highlight-list"">
        <li><strong>Propriétés :</strong> Antivirale, Immunostimulante, Antiseptique respiratoire</li>
        <li><strong>Conseils d’utilisation :</strong> Diffusion ou application locale diluée dans une huile végétale.</li>
    </ul>

    <h3 class=""highlight-title"">2. Eucalyptus radié (<em>Eucalyptus radiata</em>)</h3>
    <p>
        Reconnu pour ses propriétés expectorantes, l’Eucalyptus radié aide à dégager les bronches et à combattre la grippe.
    </p>
    <ul class=""highlight-list"">
        <li><strong>Propriétés :</strong> Antiviral, Expectorant, Mucolytique</li>
        <li><strong>Conseils d’utilisation :</strong> Inhalation dans un bol d’eau chaude ou diffusion.</li>
    </ul>

    <h3 class=""highlight-title"">3. Tea Tree (<em>Melaleuca alternifolia</em>)</h3>
    <p>
        L’huile essentielle de Tea Tree est polyvalente avec ses effets immunostimulants et antiseptiques, idéale pour prévenir les infections.
    </p>
    <ul class=""highlight-list"">
        <li><strong>Propriétés :</strong> Antibactérienne, Antifongique, Immunostimulante</li>
        <li><strong>Conseils d’utilisation :</strong> Application cutanée ou diffusion pour prévenir les infections.</li>
    </ul>

    <h3 class=""highlight-title"">4. Thym à Linalol (<em>Thymus vulgaris linaloliferum</em>)</h3>
    <p>
        Douce et adaptée aux enfants, cette huile essentielle est antibactérienne et immunostimulante.
    </p>
    <ul class=""highlight-list"">
        <li><strong>Propriétés :</strong> Antibactérienne douce, Immunostimulante</li>
        <li><strong>Conseils d’utilisation :</strong> Appliquez-la sur la plante des pieds diluée dans une huile végétale.</li>
    </ul>

    <h3 class=""highlight-title"">5. Citron (<em>Citrus limonum</em>)</h3>
    <p>
        L’huile essentielle de citron est une excellente antiseptique atmosphérique qui aide à purifier l'air.
    </p>
    <ul class=""highlight-list"">
        <li><strong>Propriétés :</strong> Antiseptique atmosphérique, Régulatrice hépatique</li>
        <li><strong>Conseils d’utilisation :</strong> Diffusion ou massage sur le ventre pour stimuler le système digestif.</li>
    </ul>
</div>

<div class=""blog-section"">
    <h2 class=""section-title"">Conseils Clés pour Utiliser les Huiles Essentielles de Manière Efficace</h2>

    <h3 class=""method-title"">1. Prévention avant tout</h3>
    <p>Utiliser les huiles essentielles de manière préventive est essentiel pour renforcer vos défenses naturelles, surtout pendant les périodes à risque.</p>
    <div class=""advice-box"">
        <p><strong>Conseil pratique :</strong> Diffusez des huiles comme le Ravintsara ou l’Eucalyptus radié durant l’hiver pour purifier l’air.</p>
    </div>

    <h3 class=""method-title"">2. Application cutanée pour une absorption rapide</h3>
    <p>L’application cutanée permet une absorption rapide des huiles. Appliquez-les sur des zones réceptives comme la plante des pieds ou le thorax.</p>
    <div class=""advice-box"">
        <p><strong>Conseil pratique :</strong> Utilisez des huiles comme le Thym à Linalol pour un massage stimulant sur la peau.</p>
    </div>

    <h3 class=""method-title"">3. Inhalation et Respiration</h3>
    <p>L'inhalation d’huiles comme l’Eucalyptus radié est idéale pour dégager les bronches et combattre les infections respiratoires.</p>
    <div class=""advice-box"">
        <p><strong>Conseil pratique :</strong> Inhalez des huiles essentielles à partir d’un bol d’eau chaude pour ouvrir les voies respiratoires.</p>
    </div>

    <h3 class=""method-title"">4. Utilisation pour toute la famille</h3>
    <p>Certaines huiles douces, comme le Bois de Hô, sont idéales pour protéger l’immunité des enfants et des personnes âgées.</p>
    <div class=""advice-box"">
        <p><strong>Conseil pratique :</strong> Diffusez des huiles essentielles douces dans les pièces partagées pour offrir une protection à toute la famille.</p>
    </div>
</div>

<div class=""blog-section"">
    <h2 class=""section-title"">Adoptez une Approche Globale pour Booster votre Immunité</h2>
    <p>En complément de l’utilisation des huiles essentielles, une alimentation équilibrée, l’exercice et une bonne gestion du stress sont indispensables pour maintenir un système immunitaire fort.</p>
    <div class=""advice-box"">
        <p><strong>Conseil pratique :</strong> Combinez l’utilisation des huiles avec des pratiques de relaxation ou des massages pour maximiser les bienfaits sur votre santé.</p>
    </div>
</div>

<div class=""blog-section"">
    <h2 class=""section-title"">Conclusion</h2>
    <p>Les huiles essentielles offrent une solution naturelle et efficace pour renforcer le système immunitaire. Intégrées à votre routine, elles contribuent à prévenir les infections tout en améliorant votre bien-être général.</p>
</div>

<p><strong>Meta Description :</strong> Découvrez les huiles essentielles efficaces pour renforcer votre système immunitaire, ainsi que des conseils pratiques pour leur utilisation au quotidien.</p><style>
    .recette-link {
        text-decoration: none;
        color: #854f38;
    }

    .recette-link:hover {
        text-decoration: underline;
        color: #647a0b;
    }

    .container {
        max-width: 1200px;
    }

    .details-container {
        background-color: #f9f9f9;
        border-radius: 10px;
        padding: 30px;
        box-shadow: 0 5px 15px rgba(0, 0, 0, 0.1);
        margin: 0 auto;
    }

    .details-title {
        font-size: 2rem;
        font-weight: bold;
        color: #647a0b;
        margin-bottom: 30px;
        text-align: center;
    }

    .details-box {
        background-color: #ffffff;
        border-radius: 10px;
        padding: 20px;
        margin-bottom: 20px;
        box-shadow: 0 2px 10px rgba(0, 0, 0, 0.05);
    }

    .details-label {
        font-weight: bold;
        color: #647a0b;
        margin-bottom: 10px;
        display: block;
        font-size: 1.1rem;
    }

    .details-value {
        color: #333333;
        font-size: 1rem;
        margin: 0;
    }

    .details-list {
        list-style-type: disc;
        margin: 0;
        padding-left: 20px;
    }

    .details-list li {
        margin-bottom: 5px;
        font-size: 1rem;
        color: #333333;
    }

    .flag-icon {
        margin-right: 8px;
    }

    .advice-box {
        background-color: #fff3cd;
        border: 1px solid #ffeeba;
        border-radius: 8px;
        padding: 15px;
        box-shadow: 0 2px 8px rgba(0, 0, 0, 0.05);
        margin-bottom: 20px;
    }

    .advice-box p {
        font-size: 1rem;
        color: #856404;
        margin: 0;
    }

    .blog-section {
        margin-bottom: 40px;
        padding: 20px;
        background-color: #f7f7f7;
        border-radius: 8px;
        box-shadow: 0 2px 10px rgba(0, 0, 0, 0.05);
    }

    .blog-section p {
        font-size: 1.1rem;
        line-height: 1.7;
        color: #333;
        margin-bottom: 20px;
    }

    .blog-section ul {
        list-style-type: disc;
        margin-left: 20px;
        color: #333;
        line-height: 1.6;
    }

    .blog-section ul li {
        margin-bottom: 10px;
    }

    .blog-section h3 {
        color: #854f38;
        font-weight: bold;
        margin-top: 20px;
        margin-bottom: 10px;
        font-size: 1.5rem;
    }

    .advice-box strong {
        color: #854f38;
    }

    .advice-box p {
        margin: 0;
        font-size: 1.1rem;
        line-height: 1.5;
    }

    .btn-primary {
        background-color: #647a0b;
        border-color: #647a0b;
        color: #ffffff;
        padding: 10px 20px;
        border-radius: 5px;
        text-decoration: none;
        font-size: 1.1rem;
        display: inline-block;
        transition: background-color 0.3s;
    }

    .btn-primary:hover {
        background-color: #854f38;
        border-color: #854f38;
    }

    .related-posts ul {
        list-style-type: disc;
        padding-left: 20px;
        color: #333;
    }

    .related-posts ul li {
        margin-bottom: 10px;
    }

    .related-posts a {
        text-decoration: none;
        color: #854f38;
    }

    .related-posts a:hover {
        color: #647a0b;
        text-decoration: underline;
    }

    .warning-box {
        background-color: #fff3cd;
        border: 1px solid #ffeeba;
        border-radius: 10px;
        box-shadow: 0 2px 5px rgba(0, 0, 0, 0.05);
        text-align: center;
    }

    .warning-text {
        color: #856404;
        font-size: 1rem;
        font-weight: 500;
    }
</style>

",,Boostez votre système immunitaire naturellement avec des huiles essentielles comme le Ravintsara et l'épinette noire.
3,"La Diffusion des Huiles Essentielles : Meilleures Pratiques, Guide Complet et Sécurité","diffusion, huiles essentielles, purification, bien-être, sécurité, aromathérapie","<h1 class=""blog-title"">La Diffusion des Huiles Essentielles : Meilleures Pratiques, Guide Complet et Sécurité</h1>

<p class=""blog-intro"">
    La diffusion des huiles essentielles est une pratique ancienne et bien documentée qui permet de profiter des nombreux bienfaits de l’aromathérapie. Grâce à leurs propriétés purifiantes, relaxantes ou stimulantes, les huiles essentielles peuvent améliorer la qualité de l'air, favoriser le bien-être mental et physique, et même renforcer le système immunitaire. Toutefois, pour bénéficier pleinement des vertus de ces extraits naturels, il est essentiel de suivre certaines règles. Cet article explore en profondeur les meilleures pratiques pour diffuser les huiles essentielles, les types de diffuseurs, les consignes de sécurité, ainsi que des conseils pour une utilisation optimale, à la fois efficace et sécurisée.
</p>

<div class=""blog-section"">
    <h2 class=""section-title"">1. Qu'est-ce que la diffusion des huiles essentielles ?</h2>
    <p>
        La diffusion est une méthode douce et efficace pour disperser les huiles essentielles dans l’air et permettre à leurs molécules actives de se propager dans un environnement fermé. Grâce à des appareils spécifiques, appelés diffuseurs, les huiles sont transformées en micro-particules et disséminées dans l'air sous forme de vapeur. Une fois inhalées, ces particules interagissent avec le système nerveux et le système respiratoire, offrant divers bienfaits thérapeutiques.
    </p>
    <p>
        L'objectif principal de la diffusion est de purifier l'air, d'améliorer l'ambiance d'une pièce, et d'agir sur l'humeur et la santé de manière subtile mais profonde. Selon les huiles essentielles utilisées, la diffusion peut aider à soulager le stress, améliorer la concentration, favoriser la relaxation, combattre les infections respiratoires ou encore renforcer le système immunitaire.
    </p>
</div>

<div class=""blog-section"">
    <h2 class=""section-title"">2. Pourquoi diffuser des huiles essentielles ? Les bienfaits à connaître</h2>
    <p>
        La diffusion des huiles essentielles présente de nombreux avantages, tant pour le corps que pour l'esprit. Voici quelques-uns des principaux bienfaits de la diffusion :
    </p>
    <ul class=""highlight-list"">
        <li><strong>Purification de l’air :</strong> certaines huiles essentielles, comme l'eucalyptus radié, le ravintsara et le tea tree, sont connues pour leurs propriétés purifiantes et antiseptiques. Elles aident à éliminer les bactéries, les virus et les moisissures, créant ainsi un environnement sain.</li>
        <li><strong>Relaxation et réduction du stress :</strong> des huiles essentielles comme la lavande vraie, l'ylang-ylang et la camomille romaine ont des propriétés apaisantes. Elles sont idéales pour calmer l'esprit, réduire l'anxiété et favoriser un sommeil réparateur.</li>
        <li><strong>Renforcement du système immunitaire :</strong> la diffusion d'huiles comme le thym à linalol, le niaouli et le ravintsara peut aider à stimuler les défenses naturelles de l'organisme. Ces huiles sont particulièrement utiles pendant la saison froide pour prévenir les infections.</li>
        <li><strong>Amélioration de l’humeur et du bien-être émotionnel :</strong> Certaines huiles essentielles, comme l'orange douce, le citron et la bergamote, sont reconnues pour leurs effets bénéfiques sur l'humeur. Elles aident à lutter contre la dépression, la fatigue et l’irritabilité.</li>
    </ul>
</div>

<div class=""blog-section"">
    <h2 class=""section-title"">3. Les différents types de diffuseurs d’huiles essentielles</h2>
    <p>Il existe plusieurs types de diffuseurs d’huiles essentielles, chacun ayant ses avantages spécifiques en fonction de l’utilisation souhaitée. Voici les principales options disponibles :</p>

    <h3 class=""highlight-title"">a) Diffuseur par nébulisation</h3>
    <p>
        Le diffuseur par nébulisation est l'une des options les plus performantes pour une diffusion pure et concentrée. Il fonctionne sans eau ni chaleur, dispersant directement les micro-particules d'huiles essentielles dans l'air. Ce type de diffusion est recommandé pour les grandes pièces ou pour une utilisation thérapeutique ciblée, car il permet de préserver toutes les propriétés des huiles essentielles.
    </p>

    <h3 class=""highlight-title"">b) Diffuseur par ultrason</h3>
    <p>
        Le diffuseur à ultrasons mélange les huiles essentielles avec de l'eau, produisant une fine brume à l’aide de vibrations ultrasoniques. Ce type de diffuseur est très populaire en raison de son fonctionnement silencieux et de sa capacité à humidifier l'air. Cependant, la présence d'eau peut parfois altérer les propriétés des huiles, bien que cela reste minime pour un usage domestique.
    </p>

    <h3 class=""highlight-title"">c) Diffuseur par chaleur douce</h3>
    <p>
        Les diffuseurs par chaleur douce utilisent une source de chaleur pour libérer les molécules aromatiques des huiles essentielles. Bien que cette méthode soit efficace pour une diffusion légère et continue, il est important de noter que certaines huiles peuvent voir leurs propriétés altérées lorsqu’elles sont chauffées. Ce type de diffuseur est donc à privilégier pour des huiles moins sensibles à la chaleur.
    </p>

    <h3 class=""highlight-title"">d) Diffuseur par ventilation</h3>
    <p>
        Les diffuseurs par ventilation utilisent un système de ventilateur pour faire passer de l'air à travers un tampon imbibé d'huile essentielle, dispersant ainsi les molécules dans la pièce. Ils sont généralement compacts, portables, et idéaux pour des espaces réduits ou une diffusion légère.
    </p>
</div>

<div class=""blog-section"">
    <h2 class=""section-title"">4. Les meilleures pratiques pour diffuser des huiles essentielles</h2>

    <h3 class=""method-title"">a) Choisir les huiles essentielles en fonction des besoins</h3>
    <p>
        La première étape pour une diffusion réussie est de choisir les bonnes huiles essentielles en fonction de l’effet recherché. Chaque huile possède des propriétés spécifiques. Voici quelques exemples d'huiles adaptées à différents besoins :
    </p>
    <ul class=""highlight-list"">
        <li><strong>Pour la détente :</strong> lavande vraie, camomille romaine, ylang-ylang.</li>
        <li><strong>Pour l'énergie et la concentration :</strong> menthe poivrée, citron, eucalyptus globuleux.</li>
        <li><strong>Pour purifier l’air :</strong> tea tree, ravintsara, citronnelle de Java.</li>
        <li><strong>Pour renforcer l’immunité :</strong> thym à linalol, eucalyptus radié, niaouli.</li>
    </ul>

    <h3 class=""method-title"">b) Dosage approprié des huiles essentielles</h3>
    <p>
        Le dosage des huiles essentielles est crucial pour éviter les effets secondaires indésirables, tels que les maux de tête, les irritations ou les allergies. Voici quelques recommandations générales :
    </p>
    <ul class=""highlight-list"">
        <li>Pour une petite pièce (jusqu'à 10 m²) : 3 à 5 gouttes d'huile essentielle suffisent.</li>
        <li>Pour une pièce de taille moyenne (15 à 20 m²) : utilisez entre 5 et 10 gouttes d'huile essentielle.</li>
        <li>Pour les grandes pièces (au-delà de 30 m²) : vous pouvez utiliser jusqu'à 15 gouttes d'huile.</li>
    </ul>
    <p>
        Il est recommandé de diffuser par sessions de 15 à 30 minutes toutes les 2 heures pour éviter une saturation de l’air et permettre à l’organisme de bien assimiler les bienfaits des huiles.
    </p>

    <h3 class=""method-title"">c) Créer un environnement propice à la diffusion</h3>
    <p>
        Pour une diffusion optimale, il est important de ventiler légèrement la pièce tout en évitant les courants d’air forts qui dissiperaient trop rapidement les molécules aromatiques. Une aération régulière permet également d'éviter une concentration excessive des huiles dans l’air, particulièrement dans les espaces réduits.
    </p>
</div>

<div class=""blog-section"">
    <h2 class=""section-title"">5. Les précautions à prendre pour diffuser les huiles essentielles en toute sécurité</h2>

    <h3 class=""method-title"">a) Utilisation des huiles essentielles chez les enfants et les femmes enceintes</h3>
    <p>
        Certaines huiles essentielles peuvent être dangereuses pour les enfants, les femmes enceintes ou allaitantes. Par exemple, les huiles contenant des phénols ou des cétones, comme l'origan ou la menthe poivrée, sont à éviter chez les jeunes enfants de moins de 6 ans, ainsi que chez les femmes enceintes. Il est conseillé de consulter un professionnel de santé avant d'utiliser des huiles essentielles dans ces situations.
    </p>
    <p>
        Pour les enfants, il est préférable d’opter pour des huiles douces comme le ravintsara, le bois de rose ou la lavande.
    </p>

    <h3 class=""method-title"">b) Précautions d’usage avec les animaux domestiques</h3>
    <p>
        Les animaux de compagnie, notamment les chats et les chiens, sont plus sensibles aux huiles essentielles. Certaines huiles, comme l'eucalyptus, le tea tree ou encore la menthe poivrée, peuvent être toxiques pour eux. Il est recommandé d’éviter la diffusion d’huiles essentielles dans des pièces où se trouvent des animaux, ou de s’assurer que ces derniers puissent quitter la pièce pendant la diffusion.
    </p>

    <h3 class=""method-title"">c) Éviter les huiles essentielles dermocaustiques</h3>
    <p>
        Certaines huiles essentielles sont dermocaustiques, ce qui signifie qu’elles peuvent provoquer des irritations cutanées ou des brûlures. Il est donc crucial de ne jamais diffuser d’huiles dermocaustiques, comme l’origan compact ou la cannelle de Ceylan, sans dilution ou en grandes quantités.
    </p>
</div>

<div class=""blog-section"">
    <h2 class=""section-title"">6. Entretenir son diffuseur d’huiles essentielles</h2>
    <p>
        Un entretien régulier du diffuseur est essentiel pour garantir une diffusion optimale et prolonger la durée de vie de l’appareil. Voici quelques conseils :
    </p>
    <ul class=""highlight-list"">
        <li>Nettoyez le diffuseur après chaque utilisation en vidant l’excédent d’huile et en essuyant les composants avec un chiffon doux.</li>
        <li>Une fois par mois, réalisez un nettoyage en profondeur avec de l'alcool à friction pour éliminer les résidus d’huile. Il suffit d’ajouter quelques gouttes d’alcool dans le réservoir, de faire fonctionner l’appareil pendant 5 minutes, puis de rincer.</li>
    </ul>
</div>

<div class=""blog-section"">
    <h2 class=""section-title"">7. Diffuser des huiles essentielles dans différents espaces</h2>

    <h3 class=""method-title"">a) Dans les chambres à coucher</h3>
    <p>
        La diffusion d’huiles essentielles dans la chambre est idéale pour favoriser le sommeil et la relaxation. Des huiles comme la lavande, le bois de rose ou le néroli sont particulièrement adaptées pour créer une atmosphère propice à la détente. En revanche, la diffusion durant le sommeil est à proscrire. On favorisera une diffusion de 15 minutes, 30 minutes avant le coucher.
    </p>

    <h3 class=""method-title"">b) Dans les espaces de travail</h3>
    <p>
        Pour stimuler la concentration et la créativité dans un espace de travail, la diffusion d’huiles telles que la menthe poivrée, le romarin à cinéole ou encore le citron est très efficace. Ces huiles permettent de stimuler l’attention, de combattre la fatigue mentale et de favoriser une ambiance propice à la productivité. Toutefois, il est conseillé de diffuser de manière intermittente pour éviter de saturer l'air et provoquer des maux de tête ou une irritabilité.
    </p>

    <h3 class=""method-title"">c) Dans les espaces de vie communs</h3>
    <p>
        La diffusion dans les pièces de vie, telles que le salon ou la salle à manger, est idéale pour purifier l’air et créer une atmosphère agréable pour les invités ou les membres de la famille. Les huiles essentielles purifiantes comme le ravintsara, le tea tree ou la citronnelle de Java sont parfaites pour désinfecter l’air, surtout en période de grippe ou de rhume.
    </p>
</div>

<div class=""blog-section"">
    <h2 class=""section-title"">8. Les alternatives à la diffusion pour profiter des bienfaits des huiles essentielles</h2>
    <p>
        Si la diffusion d'huiles essentielles n’est pas toujours adaptée (par exemple en raison de la présence d’animaux ou de jeunes enfants), il existe d’autres moyens d’intégrer l’aromathérapie dans votre quotidien. Voici quelques alternatives intéressantes :
    </p>

    <h3 class=""highlight-title"">L'inhalation sèche</h3>
    <p>
        Il s'agit de déposer une ou deux gouttes d'huile essentielle sur un mouchoir ou un coton, puis de respirer les arômes directement. Cette méthode est particulièrement utile pour des huiles comme la menthe poivrée ou l’eucalyptus en cas de congestion respiratoire.
    </p>

    <h3 class=""highlight-title"">Spray d'ambiance</h3>
    <p>
        Vous pouvez fabriquer un spray maison en mélangeant de l'eau, de l'alcool et quelques gouttes d'huiles essentielles. Ce spray peut être utilisé pour rafraîchir les tissus ou purifier l'air.
    </p>

    <h3 class=""highlight-title"">Les galets ou supports en céramique</h3>
    <p>
        Ces objets poreux permettent de diffuser lentement les huiles essentielles dans l’air sans avoir recours à un diffuseur électrique. Ils sont parfaits pour des espaces plus petits comme un bureau ou une table de chevet.
    </p>
</div>

<div class=""blog-section"">
    <h2 class=""section-title"">9. Les erreurs à éviter lors de la diffusion d’huiles essentielles</h2>

    <h3 class=""method-title"">a) Diffuser trop longtemps</h3>
    <p>
        Bien que cela puisse sembler inoffensif, diffuser des huiles essentielles pendant des périodes trop longues peut entraîner des effets secondaires comme des maux de tête, des nausées ou des irritations des voies respiratoires. Il est recommandé de ne pas diffuser plus de 30 minutes à la fois, et de laisser des pauses entre les sessions.
    </p>

    <h3 class=""method-title"">b) Utiliser des huiles de mauvaise qualité</h3>
    <p>
        La qualité des huiles essentielles est cruciale pour garantir une diffusion efficace et sécurisée. Il est essentiel d’opter pour des huiles 100 % pures et naturelles, et de se méfier des produits synthétiques ou dilués, souvent moins chers mais beaucoup moins bénéfiques.
    </p>

    <h3 class=""method-title"">c) Ne pas adapter la diffusion à la taille de la pièce</h3>
    <p>
        Le volume d'huile essentielle à utiliser doit être adapté à la taille de la pièce. Diffuser trop d'huile dans un petit espace peut rapidement saturer l’air et provoquer des réactions négatives. À l'inverse, une quantité insuffisante dans une grande pièce ne permettra pas de profiter pleinement des bienfaits de l’aromathérapie.
    </p>
</div>

<div class=""blog-section"">
    <h2 class=""section-title"">10. Diffusion d’huiles essentielles et saisonnalité</h2>
    <p>
        Il est intéressant d’adapter le choix des huiles essentielles en fonction des saisons et des besoins spécifiques de chaque période de l’année. Par exemple, en hiver, les huiles antivirales et purifiantes comme le ravintsara, l'eucalyptus radié et le tea tree sont idéales pour prévenir les infections respiratoires. En été, on privilégiera des huiles comme la citronnelle ou la menthe poivrée pour repousser les insectes et rafraîchir l’atmosphère.
    </p>
</div>

<div class=""blog-section"">
    <h2 class=""section-title"">11. Conclusion : Une diffusion sûre et efficace des huiles essentielles</h2>
    <p>
        La diffusion d’huiles essentielles est une méthode simple, agréable et naturelle pour améliorer la qualité de l'air, purifier l’environnement et bénéficier des bienfaits thérapeutiques des plantes. Toutefois, pour une utilisation sûre et efficace, il est indispensable de respecter certaines consignes, notamment en ce qui concerne le choix des huiles, le dosage, et la durée de diffusion.
    </p>
    <p>
        Que ce soit pour favoriser la détente, purifier l’air ou renforcer votre système immunitaire, les huiles essentielles peuvent devenir de précieuses alliées dans votre quotidien. Cependant, gardez toujours à l’esprit que ces concentrés naturels sont puissants et doivent être manipulés avec précaution, surtout si vous avez des enfants, des animaux ou des personnes vulnérables dans votre environnement.
    </p>
    <p>
        Pour tirer le meilleur parti de vos séances d’aromathérapie, veillez à choisir un diffuseur adapté à vos besoins, à nettoyer régulièrement votre appareil, et à bien vous informer sur les huiles essentielles que vous souhaitez diffuser. N'hésitez pas à consulter des professionnels de santé ou de l'aromathérapie si vous avez des doutes sur l'utilisation de certaines huiles, surtout dans des situations spécifiques comme la grossesse ou les allergies.
    </p>
</div>

<p><strong>Meta Description :</strong> Apprenez à diffuser les huiles essentielles en toute sécurité avec ce guide complet. Découvrez les bienfaits, les types de diffuseurs, et les précautions à prendre.</p>

<style>
    .blog-title {
        font-size: 2.5rem;
        font-weight: bold;
        color: #647a0b;
        margin-bottom: 20px;
        text-align: center;
    }

    .blog-intro {
        font-size: 1.2rem;
        margin-bottom: 20px;
        color: #333;
        line-height: 1.7;
    }

    .section-title {
        font-size: 1.8rem;
        color: #647a0b;
        font-weight: bold;
        margin-top: 30px;
        margin-bottom: 10px;
    }

    .highlight-title {
        font-size: 1.6rem;
        color: #854f38;
        margin-bottom: 10px;
        font-weight: bold;
    }

    .highlight-list {
        list-style-type: disc;
        margin-left: 20px;
        color: #333;
    }

    .highlight-list li {
        margin-bottom: 5px;
    }

    .method-title {
        font-size: 1.4rem;
        color: #647a0b;
        font-weight: bold;
        margin-top: 20px;
        margin-bottom: 10px;
    }

    .recipe-box {
        background-color: #f9f9f9;
        border-left: 5px solid #647a0b;
        padding: 10px 20px;
        margin-top: 10px;
        margin-bottom: 20px;
    }

    .recipe {
        font-size: 1rem;
        color: #333;
        font-style: italic;
    }

    .warning-box {
        background-color: #fff3cd;
        padding: 20px;
        border-radius: 10px;
        margin-top: 20px;
        border-left: 5px solid #856404;
    }

    .warning-text {
        color: #856404;
        font-size: 1rem;
        font-weight: 500;
        margin-bottom: 10px;
    }

    .blog-section {
        margin-bottom: 40px;
    }
</style>

",4,"Apprenez les meilleures pratiques pour diffuser des huiles essentielles de manière sûreet efficace. Découvrez les types de diffuseurs, les précautions d'usage, et des conseils pour une diffusion optimale des huiles essentielles."
4,Bain Aromatique aux Huiles Essentielles : Guide Complet pour une Expérience Relaxante et Thérapeutique,"bain aromatique, huiles essentielles, purification, bien-être, sécurité, aromathérapie","<h1 class=""blog-title"">Bain Aromatique aux Huiles Essentielles : Guide Complet pour une Expérience Relaxante et Thérapeutique</h1>

<p class=""blog-intro"">
    Les bains aromatiques, une méthode ancestrale de détente et de soin, allient les bienfaits de l’eau chaude à ceux des huiles essentielles. Cette pratique simple, mais puissante, permet d’apaiser le corps et l’esprit, tout en profitant des propriétés thérapeutiques des plantes. Cependant, pour profiter pleinement des bienfaits des bains aromatiques, il est essentiel de bien comprendre comment utiliser les huiles essentielles de manière sécurisée et efficace. Dans cet article, nous explorerons les meilleures pratiques, les huiles essentielles recommandées, les bienfaits des bains aromatiques, ainsi que les précautions à prendre pour un usage optimal.
</p>

<div class=""blog-section"">
    <h2 class=""section-title"">1. Pourquoi opter pour un bain aromatique ?</h2>
    <p>
        Le bain aromatique est un véritable rituel de bien-être qui offre une multitude de bienfaits, tant sur le plan physique qu’émotionnel. Grâce à la combinaison de l’eau chaude et des huiles essentielles, cette méthode permet une double action : par inhalation des vapeurs d’huile essentielle et par absorption cutanée, les composés actifs pénètrent efficacement dans l’organisme.
    </p>
    <h3 class=""highlight-title"">Les bienfaits physiques :</h3>
    <ul class=""highlight-list"">
        <li><strong>Relaxation musculaire :</strong> L’eau chaude combinée à des huiles essentielles relaxantes, comme la lavande vraie ou la gaulthérie odorante, favorise le relâchement des tensions musculaires et soulage les douleurs articulaires ou musculaires.</li>
        <li><strong>Amélioration de la circulation sanguine :</strong> Certaines huiles essentielles, comme le genévrier, stimulent la circulation sanguine, réduisant ainsi les sensations de jambes lourdes ou les varices.</li>
        <li><strong>Détente et sommeil réparateur :</strong> Les huiles essentielles aux propriétés sédatives, telles que la camomille romaine ou la mandarine rouge, facilitent un sommeil profond et réparateur après un bain relaxant.</li>
    </ul>
    <h3 class=""highlight-title"">Les bienfaits émotionnels :</h3>
    <ul class=""highlight-list"">
        <li><strong>Réduction du stress et de l'anxiété :</strong> Un bain aromatique est un moyen puissant de se déconnecter du stress quotidien. Les huiles essentielles comme l'ylang-ylang ou la lavande vraie sont particulièrement efficaces pour calmer l'esprit et apaiser les émotions.</li>
        <li><strong>Renforcement de l’immunité :</strong> Un bain aux huiles essentielles comme le ravintsara ou l’eucalyptus radié peut aider à renforcer le système immunitaire, notamment en hiver ou lors de périodes d'épidémies virales.</li>
    </ul>
</div>

<div class=""blog-section"">
    <h2 class=""section-title"">2. Les huiles essentielles les plus recommandées pour un bain aromatique</h2>
    <p>Le choix des huiles essentielles est primordial pour un bain aromatique réussi. Voici quelques suggestions en fonction des besoins spécifiques :</p>
    
    <h3 class=""highlight-title"">Relaxation et détente :</h3>
    <ul class=""highlight-list"">
        <li><strong>Lavande vraie (<em>Lavandula angustifolia</em>) :</strong> Calme les nerfs et favorise un sommeil réparateur.</li>
        <li><strong>Camomille romaine (<em>Chamaemelum nobile</em>) :</strong> Apaise les tensions et soulage les émotions fortes comme la colère ou le chagrin.</li>
        <li><strong>Mandarine rouge (<em>Citrus reticulata</em>) :</strong> Réduit le stress, favorise la bonne humeur et aide à lutter contre l'insomnie.</li>
    </ul>
    
    <h3 class=""highlight-title"">Soulagement des douleurs musculaires et articulaires :</h3>
    <ul class=""highlight-list"">
        <li><strong>Gaulthérie couchée (<em>Gaultheria procumbens</em>) :</strong> Puissante huile anti-inflammatoire et analgésique, idéale pour les douleurs musculaires et articulaires.</li>
        <li><strong>Eucalyptus citronné (<em>Eucalyptus citriodora</em>) :</strong> Apaisant et anti-inflammatoire, parfait pour les rhumatismes et les douleurs articulaires.</li>
    </ul>
    
    <h3 class=""highlight-title"">Boost de l’immunité :</h3>
    <ul class=""highlight-list"">
        <li><strong>Ravintsara (<em>Cinnamomum camphora</em>) :</strong> Stimulante immunitaire et antivirale, parfaite pour les périodes hivernales.</li>
        <li><strong>Thym à linalol (<em>Thymus vulgaris linaloliferum</em>) :</strong> Antibactérien doux, parfait pour toute la famille.</li>
    </ul>
    
    <h3 class=""highlight-title"">Amélioration de l’humeur et rééquilibrage émotionnel :</h3>
    <ul class=""highlight-list"">
        <li><strong>Ylang-Ylang (<em>Cananga odorata</em>) :</strong> Réduit le stress, équilibre les émotions et favorise une sensation de bien-être général.</li>
        <li><strong>Orange douce (<em>Citrus sinensis</em>) :</strong> Calmante et sédative, cette huile est idéale pour réduire l’anxiété et la nervosité et retrouver un sommeil plus serein.</li>
    </ul>
</div>

<div class=""blog-section"">
    <h2 class=""section-title"">3. Comment préparer un bain aromatique en toute sécurité</h2>
    
    <h3 class=""highlight-title"">Dilution des huiles essentielles :</h3>
    <p>
        Il est crucial de ne jamais ajouter les huiles essentielles directement dans l’eau du bain, car elles ne se diluent pas dans l’eau et pourraient flotter en surface, augmentant ainsi les risques de brûlures ou d’irritations cutanées. Pour une dispersion optimale et sécurisée, il est recommandé de diluer les huiles essentielles dans un support adapté tel que :
    </p>
    <ul class=""highlight-list"">
        <li><strong>Du savon liquide :</strong> Utilisez un fond de savon liquide neutre pour diluer 10 gouttes d’huile essentielle.</li>
        <li><strong>Un dispersant :</strong> Les dispersants spécifiques pour les huiles essentielles permettent de les diluer uniformément dans l’eau.</li>
        <li><strong>Du lait ou du miel :</strong> Vous pouvez aussi ajouter quelques cuillères à soupe de lait entier ou de miel, qui agiront comme agents dispersants naturels.</li>
    </ul>
    
    <h3 class=""highlight-title"">Quantité recommandée :</h3>
    <ul class=""highlight-list"">
        <li>Pour un bain standard, il est conseillé de ne pas dépasser 10 à 15 gouttes d’huile essentielle au total.</li>
        <li>Pour les enfants, les femmes enceintes ou les personnes âgées, réduisez la quantité à 5 gouttes, et choisissez les huiles en fonction des contre-indications.</li>
    </ul>
    
    <h3 class=""highlight-title"">Durée du bain :</h3>
    <p>
        Un bain aromatique doit durer environ 15 à 20 minutes. Une exposition prolongée aux huiles essentielles dans l'eau chaude pourrait causer des irritations cutanées, en particulier pour les personnes ayant une peau sensible.
    </p>
</div>

<div class=""blog-section"">
    <h2 class=""section-title"">4. Les précautions à prendre lors de l’utilisation des huiles essentielles en bain aromatique</h2>
    <div class=""warning-box"">
        <p class=""warning-text"">
            <strong>Test de tolérance cutanée :</strong> Avant d’utiliser une nouvelle huile essentielle en bain, il est recommandé de faire un test de tolérance cutanée. Appliquez une petite quantité d’huile essentielle diluée sur votre avant-bras et attendez 24 heures pour vérifier l’absence de réactions allergiques.
        </p>
        <p class=""warning-text"">
            <strong>Précautions pour les enfants et les femmes enceintes :</strong> Les huiles essentielles comme le ravintsara, la lavande vraie, la camomille romaine ou encore le bois de Hô sont généralement bien tolérées. Veillez à réduire la quantité et à diluer selon les recommandations.
        </p>
        <p class=""warning-text"">
            <strong>Attention aux peaux sensibles :</strong> Certaines huiles essentielles, comme la menthe poivrée ou l’eucalyptus, peuvent être trop fortes pour les peaux sensibles. Assurez-vous de toujours bien diluer les huiles et d'éviter celles qui sont dermocaustiques.
        </p>
        <p class=""warning-text"">
            <strong>Évitez les huiles essentielles photosensibilisantes :</strong> Les huiles essentielles d’agrumes, telles que la bergamote ou le pamplemousse, sont photosensibilisantes, c'est-à-dire qu'elles peuvent provoquer des brûlures ou des taches brunes si la peau est exposée au soleil après leur utilisation. Il est préférable de les utiliser le soir ou d’éviter toute exposition solaire minimum 8 heures après le bain.
        </p>
    </div>
</div>

<div class=""blog-section"">
    <h2 class=""section-title"">5. Associer le bain aromatique à d’autres pratiques de bien-être</h2>
    <p>
        Pour prolonger les bienfaits du bain aromatique, vous pouvez combiner cette méthode avec d’autres pratiques relaxantes :
    </p>
    <ul class=""highlight-list"">
        <li><strong>Méditation ou respiration profonde :</strong> Profitez de l’ambiance apaisante du bain pour pratiquer la méditation ou des exercices de respiration profonde. Cela favorisera une relaxation plus complète et renforcera l’effet des huiles essentielles.</li>
        <li><strong>Hydratation après le bain :</strong> Après un bain aromatique, hydratez bien votre peau avec une huile végétale ou une crème hydratante pour conserver les bienfaits des huiles essentielles et éviter que la peau ne se dessèche.</li>
        <li><strong>Rituel avant le coucher :</strong> Un bain aromatique, suivi d’une boisson relaxante comme une infusion de camomille, et d'une lecture apaisante, peut être un excellent rituel avant de dormir.</li>
    </ul>
</div>

<div class=""blog-section"">
    <h2 class=""section-title"">6. Conclusion : un rituel de bien-être à intégrer à votre routine</h2>
    <p>
        Le bain aromatique est bien plus qu’un simple moment de détente. C’est un rituel complet de bien-être qui, lorsqu’il est réalisé correctement, permet d’apaiser le corps et l’esprit, de traiter divers maux et de renforcer la santé globale. En suivant les bonnes pratiques de dilution, en choisissant les huiles essentielles adaptées et en respectant les précautions d’usage, vous pouvez profiter des vertus de l’aromathérapie en toute sécurité.
    </p>
    <p>
        Que vous souhaitiez vous détendre après une longue journée, soulager des douleurs musculaires ou simplement prendre soin de votre peau, le bain aromatique aux huiles essentielles est un allié précieux. Alors, préparez votre bain, choisissez vos huiles préférées, et laissez-vous transporter par les senteurs apaisantes et les bienfaits thérapeutiques des plantes.
    </p>
    <p>
        En intégrant régulièrement les bains aromatiques dans votre routine de bien-être, vous découvrirez que cette pratique va bien au-delà de la simple détente. Elle vous permet de prendre soin de votre corps, de calmer votre esprit et d’équilibrer vos émotions grâce aux vertus naturelles des huiles essentielles.
    </p>
    <p>
        Enfin, n’oubliez pas que chaque huile essentielle a ses propres propriétés et précautions d’emploi. Il est donc essentiel de bien se documenter et de choisir les huiles adaptées à vos besoins spécifiques, tout en veillant à leur dilution correcte et à leur mode d’utilisation. Si vous avez le moindre doute, consultez un professionnel de la santé ou un aromathérapeute qualifié pour obtenir des conseils personnalisés.
    </p>
    <h3 class=""highlight-title"">Pour récapituler :</h3>
    <ul class=""highlight-list"">
        <li>Choisissez les huiles essentielles selon vos besoins : lavande et camomille pour la détente, gaulthérie pour les douleurs musculaires, ravintsara pour renforcer l'immunité.</li>
        <li>Respectez toujours les doses : ne dépassez pas 10 à 15 gouttes pour un bain standard, et diluez-les dans un support adapté (savon liquide, dispersant, miel).</li>
        <li>Ne restez pas trop longtemps dans le bain : 15 à 20 minutes suffisent pour profiter des bienfaits sans agresser la peau.</li>
        <li>Prenez des précautions supplémentaires pour les enfants, les femmes enceintes, et les personnes à peau sensible.</li>
    </ul>
    <p>
        Intégrer les bains aromatiques dans votre routine bien-être est une excellente façon de profiter des bienfaits des huiles essentielles, tout en vous offrant un moment de détente et de régénération bien mérité.
    </p>
</div>

<p><strong>Meta Description :</strong> Apprenez à préparer un bain aromatique relaxant et thérapeutique avec des huiles essentielles, tout en prenant les précautions nécessaires pour une utilisation sécurisée.</p>

<style>
.blog-title {
    font-size: 2.5rem;
    font-weight: bold;
    color: #647a0b;
    margin-bottom: 20px;
    text-align: center;
}

.blog-intro {
    font-size: 1.2rem;
    margin-bottom: 20px;
    color: #333;
    line-height: 1.7;
}

.section-title {
    font-size: 1.8rem;
    color: #647a0b;
    font-weight: bold;
    margin-top: 30px;
    margin-bottom: 10px;
}

.highlight-title {
    font-size: 1.6rem;
    color: #854f38;
    margin-bottom: 10px;
    font-weight: bold;
}

.highlight-list {
    list-style-type: disc;
    margin-left: 20px;
    color: #333;
}

.highlight-list li {
    margin-bottom: 5px;
}

.warning-box {
    background-color: #fff3cd;
    padding: 20px;
    border-radius: 10px;
    margin-top: 20px;
    border-left: 5px solid #856404;
}

.warning-text {
    color: #856404;
    font-size: 1rem;
    font-weight: 500;
    margin-bottom: 10px;
}
</style>
",3,"Apprenez à préparer un bain aromatique relaxant et thérapeutique avec des huiles essentielles, tout en prenant les précautions nécessaires pour une utilisation sécurisée"
